{
  "AL": { "min_lat": 30.223334, "max_lat": 35.008028, "min_lng": -88.473227, "max_lng": -84.88908 },
  "AK": { "min_lat": 51.214183, "max_lat": 71.365162, "min_lng": -179.148909, "max_lng": 179.77847 },
  "AZ": { "min_lat": 31.332177, "max_lat": 37.00426, "min_lng": -114.81651, "max_lng": -109.045223 },
  "AR": { "min_lat": 33.004106, "max_lat": 36.4996, "min_lng": -94.617919, "max_lng": -89.644395 },
  "CA": { "min_lat": 32.534156, "max_lat": 42.009518, "min_lng": -124.409591, "max_lng": -114.131211 },
  "CO": { "min_lat": 36.992426, "max_lat": 41.003444, "min_lng": -109.060253, "max_lng": -102.041524 },
  "CT": { "min_lat": 40.980144, "max_lat": 42.050587, "min_lng": -73.727775, "max_lng": -71.786994 },
  "DE": { "min_lat": 38.451013, "max_lat": 39.839007, "min_lng": -75.788658, "max_lng": -75.048939 },
  "DC": { "min_lat": 38.791645, "max_lat": 38.99511, "min_lng": -77.119759, "max_lng": -76.909395 },
  "FL": { "min_lat": 24.523096, "max_lat": 31.000888, "min_lng": -87.634938, "max_lng": -80.031362 },
  "GA": { "min_lat": 30.357851, "max_lat": 35.000659, "min_lng": -85.605165, "max_lng": -80.839729 },
  "HI": { "min_lat": 18.910361, "max_lat": 28.402123, "min_lng": -178.334698, "max_lng": -154.806773 },
  "ID": { "min_lat": 41.988057, "max_lat": 49.001146, "min_lng": -117.243027, "max_lng": -111.043564 },
  "IL": { "min_lat": 36.970298, "max_lat": 42.508481, "min_lng": -91.513079, "max_lng": -87.494756 },
  "IN": { "min_lat": 37.771742, "max_lat": 41.760592, "min_lng": -88.09776, "max_lng": -84.784579 },
  "IA": { "min_lat": 40.375501, "max_lat": 43.501196, "min_lng": -96.639704, "max_lng": -90.140061 },
  "KS": { "min_lat": 36.993016, "max_lat": 40.003162, "min_lng": -102.051744, "max_lng": -94.588413 },
  "KY": { "min_lat": 36.497129, "max_lat": 39.147458, "min_lng": -89.571509, "max_lng": -81.964971 },
  "LA": { "min_lat": 28.928609, "max_lat": 33.019457, "min_lng": -94.043147, "max_lng": -88.817017 },
  "ME": { "min_lat": 42.977764, "max_lat": 47.459686, "min_lng": -71.083924, "max_lng": -66.949895 },
  "MD": { "min_lat": 37.911717, "max_lat": 39.723043, "min_lng": -79.487651, "max_lng": -75.048939 },
  "MA": { "min_lat": 41.237964, "max_lat": 42.886589, "min_lng": -73.508142, "max_lng": -69.928393 },
  "MI": { "min_lat": 41.696118, "max_lat": 48.2388, "min_lng": -90.418136, "max_lng": -82.413474 },
  "MN": { "min_lat": 43.499356, "max_lat": 49.384358, "min_lng": -97.239209, "max_lng": -89.491739 },
  "MS": { "min_lat": 30.173943, "max_lat": 34.996052, "min_lng": -91.655009, "max_lng": -88.097888 },
  "MO": { "min_lat": 35.995683, "max_lat": 40.61364, "min_lng": -95.774704, "max_lng": -89.098843 },
  "MT": { "min_lat": 44.358221, "max_lat": 49.001146, "min_lng": -116.050003, "max_lng": -104.039138 },
  "NC": { "min_lat": 33.842316, "max_lat": 36.588117, "min_lng": -84.321869, "max_lng": -75.460621 },
  "ND": { "min_lat": 45.935054, "max_lat": 49.000574, "min_lng": -104.0489, "max_lng": -96.554507 },
  "NE": { "min_lat": 39.999998, "max_lat": 43.001708, "min_lng": -104.053514, "max_lng": -95.30829 },
  "NH": { "min_lat": 42.697041, "max_lat": 45.305476, "min_lng": -72.557247, "max_lng": -70.610621 },
  "NJ": { "min_lat": 38.788656, "max_lat": 41.357423, "min_lng": -75.563587, "max_lng": -73.885006 },
  "NM": { "min_lat": 31.332301, "max_lat": 37.000232, "min_lng": -109.050173, "max_lng": -103.000679 },
  "NV": { "min_lat": 35.001857, "max_lat": 42.002207, "min_lng": -120.005746, "max_lng": -114.039648 },
  "NY": { "min_lat": 40.496103, "max_lat": 45.01585, "min_lng": -79.76259, "max_lng": -71.856214 },
  "OH": { "min_lat": 38.403202, "max_lat": 41.977523, "min_lng": -84.820159, "max_lng": -80.518693 },
  "OK": { "min_lat": 33.615833, "max_lat": 37.002206, "min_lng": -103.002565, "max_lng": -94.430662 },
  "OR": { "min_lat": 41.991794, "max_lat": 46.292035, "min_lng": -124.566244, "max_lng": -116.463262 },
  "PA": { "min_lat": 39.7198, "max_lat": 42.26986, "min_lng": -80.519891, "max_lng": -74.689516 },
  "RI": { "min_lat": 41.146339, "max_lat": 42.018798, "min_lng": -71.862772, "max_lng": -71.12057 },
  "SC": { "min_lat": 32.0346, "max_lat": 35.215402, "min_lng": -83.35391, "max_lng": -78.54203 },
  "SD": { "min_lat": 42.479635, "max_lat": 45.94545, "min_lng": -104.057698, "max_lng": -96.436589 },
  "TN": { "min_lat": 34.982972, "max_lat": 36.678118, "min_lng": -90.310298, "max_lng": -81.6469 },
  "TX": { "min_lat": 25.837377, "max_lat": 36.500704, "min_lng": -106.645646, "max_lng": -93.508292 },
  "UT": { "min_lat": 36.997968, "max_lat": 42.001567, "min_lng": -114.052962, "max_lng": -109.041058 },
  "VA": { "min_lat": 36.540738, "max_lat": 39.466012, "min_lng": -83.675395, "max_lng": -75.242266 },
  "VT": { "min_lat": 42.726853, "max_lat": 45.016659, "min_lng": -73.43774, "max_lng": -71.464555 },
  "WA": { "min_lat": 45.543541, "max_lat": 49.002494, "min_lng": -124.848974, "max_lng": -116.916031 },
  "WI": { "min_lat": 42.491983, "max_lat": 47.302488, "min_lng": -92.888114, "max_lng": -86.805415 },
  "WV": { "min_lat": 37.201483, "max_lat": 40.638801, "min_lng": -82.644739, "max_lng": -77.719519 },
  "WY": { "min_lat": 40.994746, "max_lat": 45.005904, "min_lng": -111.056888, "max_lng": -104.05216 }
}
